produto,doadores,receptores,transferencia_total
4939 - SACOLA P,"DELICADA KIDS - LOJA: 3596.0
DELICADA ITAGUAI - LOJA: 1288.0","DELICADA RP - LOJA: -1604.0
DELICADA - SJM: -846.0",-2450.0
5701 - CALCINHA DE MICRO ALTOMAX SORTIDA,"DELICADA RP - LOJA: 52.0
DELICADA - SJM: 1460.0","DELICADA ITAGUAI - LOJA: -451.0
DELICADA PAVUNA: -410.0",-861.0
5692 - KIT 3X1 MEIAS ALTOMAX INVISIVEL EST FEM,"DEPOSITO: 632.0
DELICADA PAVUNA: 130.0
DELICADA - SJM: 231.0","DELICADA RP - LOJA: -264.0
DELICADA ITAGUAI - LOJA: -396.0",-660.0
"3886 - TANGA LINDA BRASIL REF: 4409,4410,4401,4402","DELICADA ITAGUAI - LOJA: 2498.0
DELICADA PAVUNA: 745.0
DELICADA - SJM: 1057.0",DELICADA RP - LOJA: -357.0,-357.0
2757 - SAMBA CANCAO MALHA ADULTO,DELICADA RP - LOJA: 572.0,"DELICADA ITAGUAI - LOJA: -234.0
DELICADA PAVUNA: -26.0",-260.0
5327 - REGATA COTTON P AO GG REF:228,"DELICADA RP - LOJA: 151.0
DELICADA ITAGUAI - LOJA: 308.0","DELICADA PAVUNA: -37.0
DELICADA - SJM: -182.0",-219.0
4966 - MEIA MANGA CANELADA FEM BOTOES REF:2480,"DELICADA ITAGUAI - LOJA: 185.0
DELICADA PAVUNA: 106.0
DELICADA - SJM: 205.0",DELICADA RP - LOJA: -206.0,-206.0
1154 - MULLET LISA,"DELICADA RP - LOJA: 38.0
DELICADA ITAGUAI - LOJA: 171.0
DELICADA - SJM: 103.0",DELICADA PAVUNA: -199.0,-199.0
8640 - CAMISA M/M BASICA,"DELICADA ITAGUAI - LOJA: 395.0
DELICADA PAVUNA: 347.0",DELICADA RP - LOJA: -181.0,-181.0
"2 - CALCOLA PMG ESTAMPADA REF:023,011,005,004,007","DELICADA PAVUNA: 19.0
DELICADA - SJM: 415.0",DELICADA ITAGUAI - LOJA: -176.0,-176.0
7785 - BLUSA MULLET C/PEDRINHA REF:373,"DELICADA ITAGUAI - LOJA: 102.0
DELICADA - SJM: 136.0","DELICADA RP - LOJA: -10.0
DELICADA PAVUNA: -138.0",-148.0
1003 - CALCOLA,"DELICADA RP - LOJA: 439.0
DELICADA ITAGUAI - LOJA: 7.0",DELICADA PAVUNA: -129.0,-129.0
1839 - SOUTIEN REFORCADO BASICO,DELICADA ITAGUAI - LOJA: 150.0,"DELICADA PAVUNA: -19.0
DELICADA - SJM: -92.0",-111.0
5268 - SHORT DET EST CINTO REF:1358,DELICADA - SJM: 149.0,"DELICADA RP - LOJA: -20.0
DELICADA ITAGUAI - LOJA: -88.0",-108.0
5715 - CINTA FIO REF:L-443,DELICADA RP - LOJA: 349.0,"DELICADA ITAGUAI - LOJA: -30.0
DELICADA PAVUNA: -64.0",-94.0
7776 - REGATA CANELADA NADADOR REF:23403,"DELICADA PAVUNA: 8.0
DELICADA - SJM: 96.0","DELICADA RP - LOJA: -14.0
DELICADA ITAGUAI - LOJA: -72.0",-86.0
4601 - CROPPED C/ MANGA GOLA,"DELICADA ITAGUAI - LOJA: 226.0
DELICADA PAVUNA: 58.0
DELICADA - SJM: 302.0",DELICADA RP - LOJA: -70.0,-70.0
7842 - SAIA MIDI CANELADA,"DELICADA PAVUNA: 26.0
DELICADA - SJM: 71.0","DELICADA RP - LOJA: -18.0
DELICADA ITAGUAI - LOJA: -52.0",-70.0
"3860 - REGATA MASCULINA AD DIVERSAS REF:1674,1683,1703,1673,1564,1685,1680,1683,1551,1593","DELICADA ITAGUAI - LOJA: 112.0
DELICADA PAVUNA: 59.0",DELICADA RP - LOJA: -59.0,-59.0
4965 - MM FEM CANELADA CHULEADA REF:23401,"DELICADA ITAGUAI - LOJA: 95.0
DELICADA - SJM: 103.0","DELICADA RP - LOJA: -10.0
DELICADA PAVUNA: -49.0",-59.0
5328 - NADADOR COTTON REF:232,DELICADA ITAGUAI - LOJA: 97.0,"DELICADA RP - LOJA: -56.0
DELICADA PAVUNA: -2.0",-58.0
7528 - SHORT NILZA REF:603,"DELICADA ITAGUAI - LOJA: 153.0
DELICADA PAVUNA: 100.0
DELICADA - SJM: 75.0",DELICADA RP - LOJA: -54.0,-54.0
7756 - BLUSA MANGA DUPLA EST,"DELICADA PAVUNA: 2.0
DELICADA - SJM: 50.0","DELICADA RP - LOJA: -48.0
DELICADA ITAGUAI - LOJA: -4.0",-52.0
6065 - CROPPED DET V REF:1794,"DELICADA RP - LOJA: 19.0
DELICADA ITAGUAI - LOJA: 27.0
DELICADA - SJM: 28.0",DELICADA PAVUNA: -50.0,-50.0
7378 - CROPPED GOLA MENOR REF:377,"DELICADA RP - LOJA: 126.0
DELICADA ITAGUAI - LOJA: 73.0
DELICADA - SJM: 39.0",DELICADA PAVUNA: -49.0,-49.0
7815 - VESTIDO MIDI REF:722,"DELICADA RP - LOJA: 21.0
DELICADA - SJM: 71.0","DELICADA ITAGUAI - LOJA: -34.0
DELICADA PAVUNA: -10.0",-44.0
7632 - COLETINHO TRICOR NOVO REF:2912,DELICADA PAVUNA: 44.0,"DELICADA RP - LOJA: -13.0
DELICADA ITAGUAI - LOJA: -26.0",-39.0
6000 - SHORT TACTEL LISO FEM,"DELICADA RP - LOJA: 42.0
DELICADA PAVUNA: 87.0
DELICADA - SJM: 451.0",DELICADA ITAGUAI - LOJA: -39.0,-39.0
7591 - SOBRELLEG LISA REF:20,"DELICADA RP - LOJA: 2.0
DELICADA - SJM: 40.0",DELICADA PAVUNA: -38.0,-38.0
7826 - SHORT FEM MICRO MARCA,"DELICADA RP - LOJA: 324.0
DELICADA ITAGUAI - LOJA: 183.0
DELICADA - SJM: 106.0",DELICADA PAVUNA: -36.0,-36.0
1448 - SHORT FEM ELASTANO DLP,DELICADA - SJM: 52.0,DELICADA ITAGUAI - LOJA: -34.0,-34.0
"8078 - TOP FEM LISO REF:230374,230375","DELICADA ITAGUAI - LOJA: 51.0
DELICADA - SJM: 119.0","DELICADA RP - LOJA: -21.0
DELICADA PAVUNA: -13.0",-34.0
1293 - BIQUINI EST,DELICADA RP - LOJA: 77.0,"DELICADA PAVUNA: -2.0
DELICADA - SJM: -28.0",-30.0
7703 - CAMISA M/M SILK REF:6028,"DELICADA RP - LOJA: 35.0
DELICADA PAVUNA: 79.0",DELICADA ITAGUAI - LOJA: -29.0,-29.0
8473 - REGATA LISA VISCOLINHO REF:1800,"DELICADA RP - LOJA: 72.0
DELICADA - SJM: 4.0","DELICADA ITAGUAI - LOJA: -16.0
DELICADA PAVUNA: -11.0",-27.0
7773 - BLUSA M/M GOLA V FEM REF:2483,"DELICADA ITAGUAI - LOJA: 181.0
DELICADA PAVUNA: 120.0
DELICADA - SJM: 147.0",DELICADA RP - LOJA: -27.0,-27.0
7246 - CROPPED MM BASICO REF:706,"DELICADA RP - LOJA: 57.0
DELICADA - SJM: 38.0",DELICADA ITAGUAI - LOJA: -26.0,-26.0
7051 - CAMISOLA LISA REF:089,"DELICADA ITAGUAI - LOJA: 33.0
DELICADA PAVUNA: 12.0
DELICADA - SJM: 54.0",DELICADA RP - LOJA: -26.0,-26.0
6076 - BLUSA SINO DUNA LISA REF:1906,"DELICADA RP - LOJA: 14.0
DELICADA PAVUNA: 14.0",DELICADA ITAGUAI - LOJA: -25.0,-25.0
8155 - BLUSA EST PEDRINHA REF:WN168,DELICADA - SJM: 24.0,"DELICADA RP - LOJA: -3.0
DELICADA ITAGUAI - LOJA: -20.0
DELICADA PAVUNA: -1.0",-24.0
8154 - BLUSA LESE REF:TT2331,"DELICADA PAVUNA: 17.0
DELICADA - SJM: 20.0","DELICADA RP - LOJA: -16.0
DELICADA ITAGUAI - LOJA: -7.0",-23.0
7399 - CALCA BASICA EST REF:CL469,"DELICADA ITAGUAI - LOJA: 129.0
DELICADA PAVUNA: 0.0",DELICADA RP - LOJA: -22.0,-22.0
8310 - VESTIDO BABADO EST REF:140L,"DELICADA RP - LOJA: 4.0
DELICADA ITAGUAI - LOJA: 4.0
DELICADA - SJM: 15.0",DELICADA PAVUNA: -22.0,-22.0
7628 - SHORT 4 ESTACAO ZR REF:2829,"DELICADA ITAGUAI - LOJA: 7.0
DELICADA PAVUNA: 12.0
DELICADA - SJM: 85.0",DELICADA RP - LOJA: -22.0,-22.0
8121 - CROPPED LISO ALCA REF:7294,"DELICADA ITAGUAI - LOJA: 37.0
DELICADA PAVUNA: 20.0",DELICADA RP - LOJA: -22.0,-22.0
8540 - SHORT DOLL CANELADO BOTOES REF:218E,"DELICADA RP - LOJA: 53.0
DELICADA ITAGUAI - LOJA: 38.0
DELICADA - SJM: 44.0",DELICADA PAVUNA: -21.0,-21.0
8077 - CALCA MASC JEANS VW,DELICADA PAVUNA: 21.0,"DELICADA RP - LOJA: -6.0
DELICADA ITAGUAI - LOJA: -14.0",-20.0
8095 - SHORT EST VERAO REF:0107304,"DELICADA ITAGUAI - LOJA: 14.0
DELICADA PAVUNA: 10.0
DELICADA - SJM: 19.0",DELICADA RP - LOJA: -20.0,-20.0
7386 - SHORT FEM LEVANTA BUMBUM REF:210MD,"DELICADA RP - LOJA: 118.0
DELICADA PAVUNA: 1.0","DELICADA ITAGUAI - LOJA: -3.0
DELICADA - SJM: -16.0",-19.0
"6147 - CAMISA POLO MASC REF:5232C,5232B","DELICADA RP - LOJA: 3.0
DELICADA PAVUNA: 22.0",DELICADA ITAGUAI - LOJA: -19.0,-19.0
"7734 - CALCA FITNESS PREMIUM REF:CL549,330","DELICADA RP - LOJA: 20.0
DELICADA ITAGUAI - LOJA: 10.0
DELICADA - SJM: 57.0",DELICADA PAVUNA: -18.0,-18.0
8058 - N/A,DELICADA ITAGUAI - LOJA: 21.0,DELICADA RP - LOJA: -18.0,-18.0
7389 - TOP ALCA COLORIDO REF:9009111,"DELICADA ITAGUAI - LOJA: 8.0
DELICADA - SJM: 70.0","DELICADA RP - LOJA: -6.0
DELICADA PAVUNA: -11.0",-17.0
8093 - CROPPED LISO ALCA REF:7307,"DELICADA ITAGUAI - LOJA: 25.0
DELICADA PAVUNA: 30.0
DELICADA - SJM: 15.0",DELICADA RP - LOJA: -16.0,-16.0
8139 - CALCA PANT CORRENTE,"DELICADA RP - LOJA: 44.0
DELICADA ITAGUAI - LOJA: 10.0","DELICADA PAVUNA: -6.0
DELICADA - SJM: -10.0",-16.0
4549 - CALCA QUADRADA REF:93,"DELICADA RP - LOJA: 16.0
DELICADA - SJM: 14.0",DELICADA ITAGUAI - LOJA: -16.0,-16.0
5619 - CROPPED LACO ALCA REF:034,"DELICADA RP - LOJA: 8.0
DELICADA ITAGUAI - LOJA: 12.0","DELICADA PAVUNA: -4.0
DELICADA - SJM: -12.0",-16.0
5732 - CROPPED MANGA REF:304,"DELICADA RP - LOJA: 4.0
DELICADA - SJM: 195.0",DELICADA PAVUNA: -16.0,-16.0
7562 - BERMUDA JEANS MAX,DELICADA PAVUNA: 18.0,"DELICADA RP - LOJA: -11.0
DELICADA ITAGUAI - LOJA: -5.0",-16.0
5113 - BLUSA VISCO ESTAMPADA REF:1443,"DELICADA RP - LOJA: 42.0
DELICADA ITAGUAI - LOJA: 11.0","DELICADA PAVUNA: -14.0
DELICADA - SJM: -2.0",-16.0
7840 - BLUSA CHULIADA APLIQUE,"DELICADA RP - LOJA: 11.0
DELICADA ITAGUAI - LOJA: 6.0",DELICADA PAVUNA: -15.0,-15.0
"1045 - CALCA MAS JEANS JEZZ REF:207079,204011,208352","DELICADA RP - LOJA: 13.0
DELICADA PAVUNA: 4.0",DELICADA ITAGUAI - LOJA: -14.0,-14.0
7711 - CROPPED EST FEM REF:30760,"DELICADA ITAGUAI - LOJA: 26.0
DELICADA PAVUNA: 79.0","DELICADA RP - LOJA: -4.0
DELICADA - SJM: -10.0",-14.0
1840 - CALCINHA VIVIAN,DELICADA PAVUNA: 208.0,"DELICADA ITAGUAI - LOJA: -12.0
DELICADA - SJM: -2.0",-14.0
8098 - CROPPED LISO FEM REF:7364,"DELICADA ITAGUAI - LOJA: 27.0
DELICADA PAVUNA: 5.0",DELICADA RP - LOJA: -14.0,-14.0
8134 - SHORT DET AMARRACAO REF:7320,DELICADA ITAGUAI - LOJA: 33.0,DELICADA RP - LOJA: -14.0,-14.0
8100 - MACAQUINHO LISO DUNA REF:7344,"DELICADA ITAGUAI - LOJA: 17.0
DELICADA - SJM: 16.0","DELICADA RP - LOJA: -10.0
DELICADA PAVUNA: -4.0",-14.0
8153 - BLUSA LESE REF:TT2330,DELICADA RP - LOJA: 17.0,"DELICADA ITAGUAI - LOJA: -12.0
DELICADA PAVUNA: -2.0",-14.0
8027 - REGATA RIBANA REF:3171,"DELICADA ITAGUAI - LOJA: 36.0
DELICADA PAVUNA: 9.0",DELICADA RP - LOJA: -14.0,-14.0
8146 - MACAQUINHO REF: MC223,DELICADA - SJM: 34.0,"DELICADA RP - LOJA: -6.0
DELICADA PAVUNA: -7.0",-13.0
8196 - SHORT EST FEM REF:SD940,"DELICADA ITAGUAI - LOJA: 23.0
DELICADA - SJM: 1.0","DELICADA RP - LOJA: -6.0
DELICADA PAVUNA: -6.0",-12.0
8202 - VESTIDO LISO CANELADO REF:45267,"DELICADA PAVUNA: 17.0
DELICADA - SJM: 0.0",DELICADA ITAGUAI - LOJA: -12.0,-12.0
7559 - CALCA JEANS MASC TEEZZ/MAX,"DELICADA RP - LOJA: 12.0
DELICADA PAVUNA: 0.0",DELICADA ITAGUAI - LOJA: -12.0,-12.0
"7400 - CALCA SUPLEX MESCLA E PRETA REF:LG001L, LG001M","DELICADA RP - LOJA: 43.0
DELICADA PAVUNA: 10.0",DELICADA ITAGUAI - LOJA: -12.0,-12.0
"2887 - BERMUDA MASC STREET REF:199620,199528,198330,19059",DELICADA PAVUNA: 12.0,DELICADA RP - LOJA: -12.0,-12.0
8143 - CALCA FEM BOLSO,"DELICADA PAVUNA: 1.0
DELICADA - SJM: 15.0","DELICADA RP - LOJA: -1.0
DELICADA ITAGUAI - LOJA: -10.0",-11.0
"6990 - TOP FITNESS DIVERSOS REF:504,505,483,516","DELICADA RP - LOJA: 8.0
DELICADA ITAGUAI - LOJA: 82.0",DELICADA PAVUNA: -11.0,-11.0
8120 - MACAQUINHO LISO C BOLSO REF:7293,"DELICADA ITAGUAI - LOJA: 33.0
DELICADA PAVUNA: 20.0
DELICADA - SJM: 15.0",DELICADA RP - LOJA: -10.0,-10.0
"8074 - BERMUDA P/B MASC REF:198438,198414","DELICADA ITAGUAI - LOJA: 9.0
DELICADA PAVUNA: 15.0",DELICADA RP - LOJA: -10.0,-10.0
"8162 - SHORT PLUS DIVERSOS REF:95605,95520",DELICADA PAVUNA: 63.0,"DELICADA RP - LOJA: -2.0
DELICADA ITAGUAI - LOJA: -8.0",-10.0
7247 - REGATA MASC AD BASIC,"DELICADA ITAGUAI - LOJA: 114.0
DELICADA PAVUNA: 4.0",DELICADA RP - LOJA: -10.0,-10.0
8097 - SHORT LISO C CINTO REF:7363,"DELICADA ITAGUAI - LOJA: 15.0
DELICADA PAVUNA: 23.0",DELICADA RP - LOJA: -10.0,-10.0
8122 - SHORT SAIA REF:6713,"DELICADA ITAGUAI - LOJA: 31.0
DELICADA PAVUNA: 37.0",DELICADA RP - LOJA: -10.0,-10.0
8193 - BLUSA EST PEDRINHA REF:WN126,"DELICADA RP - LOJA: 4.0
DELICADA PAVUNA: 37.0","DELICADA ITAGUAI - LOJA: -6.0
DELICADA - SJM: -4.0",-10.0
7055 - VESTIDO LONGO ESTAMPADO REF:154E,"DELICADA PAVUNA: 11.0
DELICADA - SJM: 0.0","DELICADA RP - LOJA: -8.0
DELICADA ITAGUAI - LOJA: -2.0",-10.0
8103 - CROPPED LISO ARGOLA REF:7300,"DELICADA ITAGUAI - LOJA: 31.0
DELICADA PAVUNA: 18.0",DELICADA RP - LOJA: -10.0,-10.0
7424 - SHORT FEM - REF: 100377,DELICADA RP - LOJA: 10.0,"DELICADA PAVUNA: -5.0
DELICADA - SJM: -4.0",-9.0
"8075 - BERMUDA MASC JEZZ REF:209886,212107,210475",DELICADA RP - LOJA: 38.0,DELICADA ITAGUAI - LOJA: -9.0,-9.0
8186 - CROPPED LISO DET ARGOLA REF:7336,"DELICADA ITAGUAI - LOJA: 21.0
DELICADA PAVUNA: 31.0",DELICADA RP - LOJA: -8.0,-8.0
7553 - REGATA GOLA EST,DELICADA - SJM: 106.0,DELICADA RP - LOJA: -8.0,-8.0
7998 - MACAQUINHO BICOLOR REF:3208,"DELICADA RP - LOJA: 8.0
DELICADA PAVUNA: 4.0
DELICADA - SJM: 55.0",DELICADA ITAGUAI - LOJA: -8.0,-8.0
7693 - SHORT PLUS JEANS BORDADO REF:B1052,DELICADA PAVUNA: 12.0,DELICADA RP - LOJA: -8.0,-8.0
8152 - REGATA MODAL REF:ZBY45282,"DELICADA RP - LOJA: 5.0
DELICADA PAVUNA: 4.0",DELICADA ITAGUAI - LOJA: -8.0,-8.0
4604 - CUECA BOX CALVIN,"DELICADA RP - LOJA: 54.0
DELICADA ITAGUAI - LOJA: 84.0",DELICADA PAVUNA: -8.0,-8.0
"7565 - BERMUDA JOGGER CARGO MASC BEGE,VERDE, CINZA,PRETA","DELICADA RP - LOJA: 55.0
DELICADA PAVUNA: 64.0",DELICADA ITAGUAI - LOJA: -8.0,-8.0
8137 - CROPPED CANELADO LISO,"DELICADA ITAGUAI - LOJA: 77.0
DELICADA - SJM: 2.0",DELICADA PAVUNA: -8.0,-8.0
8001 - CONJ KIMONO+CROPPED LISTRADO TAM U REF:3252,DELICADA PAVUNA: 23.0,DELICADA RP - LOJA: -7.0,-7.0
8019 - CROPPED S/ ALCA DET BICO REF:3283,"DELICADA RP - LOJA: 10.0
DELICADA ITAGUAI - LOJA: 167.0
DELICADA - SJM: 17.0",DELICADA PAVUNA: -7.0,-7.0
7162 - BLUSA DUNA LISA REF:2248,"DELICADA RP - LOJA: 128.0
DELICADA ITAGUAI - LOJA: 42.0
DELICADA - SJM: 34.0",DELICADA PAVUNA: -7.0,-7.0
7835 - BLUSA SINO DUNA EST REF:1907,DELICADA RP - LOJA: 76.0,DELICADA ITAGUAI - LOJA: -7.0,-7.0
1091 - SOBRELEG C/ MANGA,"DELICADA ITAGUAI - LOJA: 12.0
DELICADA - SJM: 78.0",DELICADA RP - LOJA: -7.0,-7.0
8126 - CROPPED VIES CANELADO,"DELICADA ITAGUAI - LOJA: 61.0
DELICADA - SJM: 18.0",DELICADA PAVUNA: -7.0,-7.0
"7686 - CALCA MASC SLIM PREMIUM REF:10888,11548,11552","DELICADA RP - LOJA: 17.0
DELICADA PAVUNA: 31.0",DELICADA ITAGUAI - LOJA: -7.0,-7.0
8159 - SHORT LISO C CINTO PRETO FEM REF:Y246,"DELICADA RP - LOJA: 27.0
DELICADA PAVUNA: 7.0
DELICADA - SJM: 17.0",DELICADA ITAGUAI - LOJA: -7.0,-7.0
8102 - VESTIDO LISO DET ARGOLA REF:7301,"DELICADA ITAGUAI - LOJA: 38.0
DELICADA PAVUNA: 26.0",DELICADA RP - LOJA: -6.0,-6.0
8133 - CROPPED BOTOES REF:7323,"DELICADA ITAGUAI - LOJA: 21.0
DELICADA PAVUNA: 15.0",DELICADA RP - LOJA: -6.0,-6.0
8132 - SHORT LISO REF:7322,"DELICADA ITAGUAI - LOJA: 16.0
DELICADA PAVUNA: 18.0",DELICADA RP - LOJA: -6.0,-6.0
"1025 - CALCINHA COTTON SORTIDA REF:001,003,006,018,021,017","DELICADA RP - LOJA: 691.0
DELICADA ITAGUAI - LOJA: 563.0
DELICADA PAVUNA: 39.0",DELICADA - SJM: -6.0,-6.0
7612 - REGATA GOLA ENRUGADA EST REF:2132,DELICADA - SJM: 13.0,DELICADA PAVUNA: -6.0,-6.0
8311 - CROPPED MANGA SINO LISO REF:181L,"DELICADA ITAGUAI - LOJA: 29.0
DELICADA PAVUNA: 31.0
DELICADA - SJM: 24.0",DELICADA RP - LOJA: -6.0,-6.0
3157 - REGATA GOLA ALTA BOJO REF:19,"DELICADA RP - LOJA: 45.0
DELICADA ITAGUAI - LOJA: 48.0
DELICADA PAVUNA: 61.0",DELICADA - SJM: -6.0,-6.0
7662 - CALCA DE TRICOT,DELICADA PAVUNA: 20.0,DELICADA ITAGUAI - LOJA: -6.0,-6.0
3602 - VESTIDO VISCOSE ESTAMPADO ALCA REGULAVEL,"DELICADA ITAGUAI - LOJA: 2.0
DELICADA PAVUNA: 5.0
DELICADA - SJM: 20.0",DELICADA RP - LOJA: -6.0,-6.0
1304 - CAMISOLA DENIZE REF:003,"DELICADA ITAGUAI - LOJA: 16.0
DELICADA PAVUNA: 30.0
DELICADA - SJM: 25.0",DELICADA RP - LOJA: -6.0,-6.0
"7166 - BLUSA GOLA EST M.G,GG REF:2763","DELICADA RP - LOJA: 61.0
DELICADA ITAGUAI - LOJA: 22.0
DELICADA PAVUNA: 6.0",DELICADA - SJM: -6.0,-6.0
7722 - SHORT JEANS FEM DET CORRENTE REF:8529,DELICADA RP - LOJA: 27.0,DELICADA PAVUNA: -6.0,-6.0
7774 - BERMUDA MASC COLLOR PT,"DELICADA ITAGUAI - LOJA: 17.0
DELICADA PAVUNA: 34.0",DELICADA RP - LOJA: -6.0,-6.0
7566 - CAMISA LINHO SOCIAL MASC REF:6624,DELICADA RP - LOJA: 59.0,DELICADA ITAGUAI - LOJA: -6.0,-6.0
"7685 - CALCA SKINNY FEM COS ALTO UP REF:6074,6082","DELICADA RP - LOJA: 58.0
DELICADA PAVUNA: 1.0
DELICADA - SJM: 0.0",DELICADA ITAGUAI - LOJA: -5.0,-5.0
8123 - REGATA DET GOLA REF:7324,"DELICADA ITAGUAI - LOJA: 5.0
DELICADA PAVUNA: 2.0",DELICADA RP - LOJA: -5.0,-5.0
7425 - BERMUDA JEANS REF: 100117,"DELICADA RP - LOJA: 19.0
DELICADA PAVUNA: 9.0","DELICADA ITAGUAI - LOJA: -1.0
DELICADA - SJM: -4.0",-5.0
"7041 - CALCA JEANS BASICA REF:55844,55847,55848,55845","DELICADA RP - LOJA: 9.0
DELICADA PAVUNA: 29.0",DELICADA - SJM: -5.0,-5.0
7038 - CAMISOLA RENDA REF:082,DELICADA - SJM: 32.0,DELICADA ITAGUAI - LOJA: -5.0,-5.0
7981 - SHORT CREPE BABADO EST P AO GG REF:3215,"DELICADA ITAGUAI - LOJA: 19.0
DELICADA PAVUNA: 25.0
DELICADA - SJM: 17.0",DELICADA RP - LOJA: -5.0,-5.0
7150 - CONJ INTIMO RENDADO P AO GG REF:020,DELICADA - SJM: 31.0,DELICADA RP - LOJA: -5.0,-5.0
7168 - CALCA CANELADA LISA REF:2696,"DELICADA RP - LOJA: 31.0
DELICADA ITAGUAI - LOJA: 10.0
DELICADA PAVUNA: 0.0",DELICADA - SJM: -4.0,-4.0
6017 - REGATA ALCA LISO PLUS REF:211L,"DELICADA ITAGUAI - LOJA: 4.0
DELICADA PAVUNA: 5.0
DELICADA - SJM: 8.0",DELICADA RP - LOJA: -4.0,-4.0
5718 - CAMISOLA PLUS REF:024,DELICADA ITAGUAI - LOJA: 26.0,DELICADA RP - LOJA: -4.0,-4.0
8106 - CROPPED MALHA REF:7395,"DELICADA ITAGUAI - LOJA: 0.0
DELICADA PAVUNA: 14.0
DELICADA - SJM: 35.0",DELICADA RP - LOJA: -4.0,-4.0
8487 - CROPPED FAIXA NO LISO REF:3354,"DELICADA RP - LOJA: 35.0
DELICADA ITAGUAI - LOJA: 18.0",DELICADA PAVUNA: -4.0,-4.0
7846 - SHORT FEM VERAO ELASTANO,"DELICADA RP - LOJA: 52.0
DELICADA ITAGUAI - LOJA: 57.0",DELICADA PAVUNA: -4.0,-4.0
7724 - SHORT SAIA JEANS FEM REF:84001,"DELICADA RP - LOJA: 6.0
DELICADA PAVUNA: 4.0",DELICADA ITAGUAI - LOJA: -4.0,-4.0
8066 - BLUSA MM PLUS SIZE REF:502333,"DELICADA RP - LOJA: 1.0
DELICADA ITAGUAI - LOJA: 5.0",DELICADA PAVUNA: -4.0,-4.0
8538 - SHORT DOLL CANELADO REF:218F,"DELICADA RP - LOJA: 30.0
DELICADA ITAGUAI - LOJA: 37.0
DELICADA PAVUNA: 48.0",DELICADA - SJM: -4.0,-4.0
8003 - CONJ BLUSA BABADO + SHORT TAM U REF:3264,"DELICADA RP - LOJA: 20.0
DELICADA PAVUNA: 38.0
DELICADA - SJM: 28.0",DELICADA ITAGUAI - LOJA: -4.0,-4.0
7990 - CONJ CALCA .+ CROPPED REF:3265,"DELICADA RP - LOJA: 16.0
DELICADA PAVUNA: 11.0
DELICADA - SJM: 18.0",DELICADA ITAGUAI - LOJA: -4.0,-4.0
7587 - REGATA VISCO 3 BOTOES REF:2,"DELICADA RP - LOJA: 57.0
DELICADA PAVUNA: 0.0
DELICADA - SJM: 3.0",DELICADA ITAGUAI - LOJA: -4.0,-4.0
7830 - CROPPED DUPLO EST REF:170E,"DELICADA ITAGUAI - LOJA: 25.0
DELICADA PAVUNA: 0.0
DELICADA - SJM: 0.0",DELICADA RP - LOJA: -3.0,-3.0
8507 - BIQUINI REF:3372,DELICADA RP - LOJA: 3.0,DELICADA ITAGUAI - LOJA: -3.0,-3.0
7735 - TOP ALCA 3D REF: 543,DELICADA PAVUNA: 7.0,DELICADA - SJM: -3.0,-3.0
7775 - SHORT COLLOR FEM PT,"DELICADA RP - LOJA: 96.0
DELICADA PAVUNA: 31.0
DELICADA - SJM: 7.0",DELICADA ITAGUAI - LOJA: -3.0,-3.0
6070 - REGATA 3 BOTOES LISA/EST REF:1600,"DELICADA RP - LOJA: 131.0
DELICADA ITAGUAI - LOJA: 22.0
DELICADA - SJM: 20.0",DELICADA PAVUNA: -3.0,-3.0
8185 - SHORT FEM LISO REF:7337,DELICADA PAVUNA: 42.0,DELICADA RP - LOJA: -2.0,-2.0
8491 - KIT 3X1 MEIAS HOAHI SAPATILHA LISA MASC REF: 22001,DELICADA PAVUNA: 139.0,DELICADA RP - LOJA: -2.0,-2.0
8497 - CONJ KIMONO + SHORT EST REF:3176,"DELICADA RP - LOJA: 31.0
DELICADA ITAGUAI - LOJA: 8.0",DELICADA PAVUNA: -2.0,-2.0
8172 - VESTIDO INDIANO LONGO REF:YD3005,DELICADA PAVUNA: 2.0,DELICADA ITAGUAI - LOJA: -2.0,-2.0
7661 - SAIA DE PRAIA,"DELICADA RP - LOJA: 44.0
DELICADA PAVUNA: 30.0
DELICADA - SJM: 33.0",DELICADA ITAGUAI - LOJA: -2.0,-2.0
7760 - SHORT VISCO C/BOLSO LISO,DELICADA - SJM: 15.0,DELICADA PAVUNA: -2.0,-2.0
"4231 - CALCA MASC CASUAL FIT REF:81,82,83,84",DELICADA PAVUNA: 5.0,DELICADA ITAGUAI - LOJA: -2.0,-2.0
5712 - CALCA FEM TOP GRIFF,DELICADA - SJM: 8.0,DELICADA PAVUNA: -2.0,-2.0
5965 - CAMISOLA RENDA REF:198MBL,"DELICADA ITAGUAI - LOJA: 7.0
DELICADA - SJM: 48.0",DELICADA RP - LOJA: -2.0,-2.0
7047 - SHORT JEANS ELAST REF:850,"DELICADA RP - LOJA: 12.0
DELICADA PAVUNA: 1.0",DELICADA - SJM: -2.0,-2.0
7180 - SHORT JEANS FARMY REF:8468,"DELICADA RP - LOJA: 4.0
DELICADA PAVUNA: 5.0",DELICADA - SJM: -2.0,-2.0
7983 - SHORT CAMURCA P AO GG REF:3259,"DELICADA RP - LOJA: 41.0
DELICADA ITAGUAI - LOJA: 6.0
DELICADA PAVUNA: 23.0",DELICADA - SJM: -2.0,-2.0
7414 - CALCA CANELADA REF:23192,DELICADA - SJM: 7.0,DELICADA PAVUNA: -2.0,-2.0
7422 - SHORT JEANS REF:51101C,DELICADA RP - LOJA: 7.0,DELICADA - SJM: -2.0,-2.0
7561 - BERMUDA SARJA MASC,"DELICADA RP - LOJA: 1.0
DELICADA PAVUNA: 29.0",DELICADA ITAGUAI - LOJA: -2.0,-2.0
7644 - CONJ ALFAIATARIA BICOLOR REF:3048,"DELICADA RP - LOJA: 21.0
DELICADA PAVUNA: 8.0
DELICADA - SJM: 38.0",DELICADA ITAGUAI - LOJA: -2.0,-2.0
1540 - CONJ SHORT + KIMONO REF:048+049,"DELICADA RP - LOJA: 2.0
DELICADA PAVUNA: 10.0
DELICADA - SJM: 0.0",DELICADA ITAGUAI - LOJA: -2.0,-2.0
7719 - SHORT JEANS FEM BRILHO REF: 7286,DELICADA PAVUNA: 7.0,DELICADA RP - LOJA: -2.0,-2.0
"7159 - COLETE BOTOES LISO TAM P,M,G REF:2631","DELICADA RP - LOJA: 18.0
DELICADA ITAGUAI - LOJA: 22.0",DELICADA PAVUNA: -1.0,-1.0
7054 - VESTIDO LONGO LISO ALCA REG REF:154L,"DELICADA RP - LOJA: 34.0
DELICADA - SJM: 10.0",DELICADA PAVUNA: -1.0,-1.0
7723 - SHORT JEANS FEM DET BORDADO REF:8512,"DELICADA ITAGUAI - LOJA: 2.0
DELICADA PAVUNA: 7.0",DELICADA RP - LOJA: -1.0,-1.0
7421 - SHORT FEM REF:100398,DELICADA RP - LOJA: 17.0,DELICADA - SJM: -1.0,-1.0
1806 - CAMISOLA BOJO DE RENDA,DELICADA ITAGUAI - LOJA: 5.0,DELICADA RP - LOJA: -1.0,-1.0
